{
  "width": 300,
  "height": 168,
  "megapixels": 0.0504,
  "red": {
    "mean": 170.2892857142857,
    "std_dev": 57.02362678914985,
    "min": 0,
    "max": 255,
    "median": 177,
    "histogram": [
      1,
      0,
      0,
      1,
      0,
      1,
      0,
      1,
      3,
      4,
      1,
      2,
      5,
      2,
      2,
      2,
      4,
      2,
      2,
      5,
      6,
      5,
      5,
      5,
      7,
      12,
      17,
      26,
      21,
      21,
      28,
      43,
      47,
      34,
      39,
      49,
      31,
      47,
      53,
      44,
      48,
      43,
      46,
      53,
      51,
      47,
      57,
      51,
      66,
      61,
      62,
      54,
      59,
      62,
      74,
      77,
      82,
      87,
      72,
      95,
      85,
      87,
      86,
      103,
      95,
      100,
      114,
      135,
      94,
      113,
      125,
      130,
      121,
      128,
      131,
      137,
      109,
      129,
      132,
      131,
      143,
      127,
      125,
      137,
      127,
      155,
      171,
      143,
      125,
      137,
      132,
      129,
      131,
      133,
      161,
      145,
      152,
      139,
      149,
      149,
      145,
      137,
      129,
      154,
      148,
      179,
      163,
      161,
      145,
      160,
      166,
      168,
      166,
      165,
      204,
      145,
      141,
      179,
      198,
      174,
      175,
      184,
      206,
      210,
      186,
      242,
      222,
      206,
      224,
      243,
      240,
      288,
      248,
      287,
      243,
      274,
      267,
      270,
      242,
      289,
      249,
      285,
      259,
      296,
      276,
      290,
      290,
      302,
      295,
      251,
      263,
      297,
      250,
      253,
      302,
      273,
      299,
      259,
      284,
      237,
      255,
      269,
      275,
      260,
      260,
      239,
      296,
      263,
      252,
      256,
      292,
      274,
      277,
      289,
      269,
      295,
      307,
      301,
      274,
      309,
      282,
      271,
      265,
      277,
      297,
      304,
      315,
      283,
      311,
      306,
      313,
      332,
      366,
      371,
      353,
      333,
      343,
      351,
      347,
      330,
      289,
      335,
      318,
      305,
      353,
      341,
      335,
      319,
      365,
      370,
      379,
      401,
      376,
      451,
      455,
      406,
      387,
      323,
      309,
      346,
      311,
      308,
      317,
      269,
      277,
      259,
      266,
      272,
      263,
      211,
      222,
      169,
      163,
      182,
      184,
      158,
      192,
      183,
      181,
      178,
      185,
      223,
      225,
      242,
      211,
      200,
      214,
      189,
      227,
      242,
      282,
      368,
      436,
      461,
      407,
      2295
    ]
  },
  "green": {
    "mean": 140.95230158730158,
    "std_dev": 57.53952322358882,
    "min": 0,
    "max": 255,
    "median": 141,
    "histogram": [
      9,
      2,
      5,
      4,
      2,
      8,
      7,
      3,
      9,
      12,
      8,
      4,
      11,
      12,
      6,
      11,
      13,
      8,
      16,
      13,
      13,
      22,
      26,
      21,
      20,
      33,
      39,
      52,
      40,
      60,
      50,
      63,
      56,
      66,
      79,
      82,
      74,
      79,
      75,
      88,
      77,
      98,
      104,
      123,
      138,
      132,
      136,
      155,
      159,
      145,
      172,
      164,
      199,
      177,
      185,
      169,
      202,
      204,
      208,
      199,
      194,
      205,
      207,
      201,
      228,
      220,
      210,
      184,
      207,
      184,
      211,
      184,
      219,
      214,
      198,
      218,
      219,
      199,
      208,
      178,
      208,
      207,
      232,
      244,
      251,
      242,
      255,
      286,
      279,
      292,
      275,
      262,
      265,
      240,
      272,
      250,
      267,
      288,
      306,
      309,
      266,
      287,
      288,
      276,
      298,
      293,
      303,
      289,
      282,
      295,
      276,
      306,
      307,
      282,
      318,
      289,
      288,
      287,
      306,
      302,
      274,
      297,
      300,
      288,
      274,
      298,
      263,
      308,
      265,
      279,
      292,
      253,
      257,
      234,
      266,
      225,
      239,
      222,
      223,
      233,
      246,
      259,
      251,
      265,
      225,
      240,
      223,
      223,
      276,
      255,
      275,
      267,
      278,
      233,
      272,
      251,
      306,
      263,
      263,
      263,
      295,
      331,
      315,
      314,
      344,
      392,
      338,
      368,
      400,
      364,
      328,
      367,
      371,
      306,
      324,
      307,
      265,
      275,
      253,
      243,
      263,
      264,
      251,
      261,
      229,
      281,
      276,
      312,
      308,
      316,
      343,
      364,
      317,
      306,
      300,
      278,
      270,
      242,
      255,
      236,
      240,
      205,
      209,
      184,
      184,
      184,
      166,
      174,
      161,
      145,
      155,
      157,
      166,
      156,
      128,
      130,
      135,
      138,
      144,
      132,
      120,
      110,
      121,
      113,
      89,
      92,
      99,
      91,
      104,
      101,
      80,
      99,
      99,
      84,
      93,
      119,
      99,
      101,
      120,
      109,
      126,
      143,
      150,
      195,
      232,
      277,
      249,
      235,
      189,
      218,
      157,
      118,
      120,
      115,
      117,
      324
    ]
  },
  "blue": {
    "mean": 94.54313492063493,
    "std_dev": 53.03822749570928,
    "min": 0,
    "max": 255,
    "median": 88,